File Version,Model,Hardware Type,Data Logger Name,Serial Number,Sample Rate,Total Alarms
2,EL-SIE-2,2,Jean-Paul,244de2045df784e4,600,0,

Channel Number,Channel Name,Channel Type
1,Temperature,1
2,Humidity,2
3,Dew Point,4

Channel Number,Channel Name,Alarm Type,High Threshold,Low Threshold,Delay,Hold

Reading,Date / Time (UTC),Temperature (°C),Humidity (%RH),Dew Point (°C),
1,2021/02/03 17:00:00,22.47,18.4,-2.74,
2,2021/02/03 17:10:00,22.43,18.4,-2.78,
3,2021/02/03 17:20:00,22.46,18.4,-2.75,
4,2021/02/03 17:30:00,22.41,18.4,-2.79,
5,2021/02/03 17:40:00,22.43,18.6,-2.63,
6,2021/02/03 17:50:00,22.43,18.5,-2.70,
7,2021/02/03 18:00:00,22.44,18.5,-2.69,
8,2021/02/03 18:10:00,22.47,18.5,-2.67,
9,2021/02/03 18:20:00,22.51,18.5,-2.64,
10,2021/02/03 18:30:00,22.51,18.5,-2.64,
11,2021/02/03 18:40:00,22.54,18.5,-2.61,
12,2021/02/03 18:50:00,22.53,18.5,-2.62,
13,2021/02/03 19:00:00,22.50,18.5,-2.65,
14,2021/02/03 19:10:00,22.51,18.6,-2.56,
15,2021/02/03 19:20:00,22.50,18.6,-2.57,
16,2021/02/03 19:30:00,22.47,18.6,-2.60,
17,2021/02/03 19:40:00,22.46,18.7,-2.53,
18,2021/02/03 19:50:00,22.47,18.6,-2.60,
19,2021/02/03 20:00:00,22.47,18.7,-2.52,
20,2021/02/03 20:10:00,22.49,18.7,-2.51,
21,2021/02/03 20:20:00,22.49,18.7,-2.51,
22,2021/02/03 20:30:00,22.51,18.6,-2.56,
23,2021/02/03 20:40:00,22.51,18.7,-2.49,
24,2021/02/03 20:50:00,22.51,18.7,-2.49,
25,2021/02/03 21:00:00,22.49,18.9,-2.37,
26,2021/02/03 21:10:00,22.44,18.9,-2.41,
27,2021/02/03 21:20:00,22.47,19.1,-2.24,
28,2021/02/03 21:30:00,22.53,19.1,-2.19,
29,2021/02/03 21:40:00,22.57,19.1,-2.16,
30,2021/02/03 21:50:00,22.53,19.2,-2.12,
31,2021/02/03 22:00:00,22.53,19.2,-2.12,
32,2021/02/03 22:10:00,22.51,19.2,-2.13,
33,2021/02/03 22:20:00,22.54,19.2,-2.11,
34,2021/02/03 22:30:00,22.51,19.3,-2.06,
35,2021/02/03 22:40:00,22.49,19.4,-2.01,
36,2021/02/03 22:50:00,22.50,19.5,-1.93,
37,2021/02/03 23:00:00,22.53,19.5,-1.91,
38,2021/02/03 23:10:00,22.56,19.6,-1.81,
39,2021/02/03 23:20:00,22.56,19.6,-1.81,
40,2021/02/03 23:30:00,22.59,19.6,-1.79,
41,2021/02/03 23:40:00,22.59,19.6,-1.79,
42,2021/02/03 23:50:00,22.60,19.6,-1.78,
43,2021/02/04 00:00:00,22.64,19.6,-1.75,
44,2021/02/04 00:10:00,22.74,19.6,-1.67,
45,2021/02/04 00:20:00,22.78,19.6,-1.63,
46,2021/02/04 00:30:00,22.66,19.7,-1.66,
47,2021/02/04 00:40:00,22.49,19.8,-1.73,
48,2021/02/04 00:50:00,22.35,19.9,-1.78,
49,2021/02/04 01:00:00,22.29,20.0,-1.76,
50,2021/02/04 01:10:00,22.30,19.9,-1.82,
51,2021/02/04 01:20:00,22.35,19.9,-1.78,
52,2021/02/04 01:30:00,22.39,19.9,-1.75,
53,2021/02/04 01:40:00,22.39,19.8,-1.82,
54,2021/02/04 01:50:00,22.35,19.9,-1.78,
55,2021/02/04 02:00:00,22.33,19.8,-1.87,
56,2021/02/04 02:10:00,22.32,19.8,-1.88,
57,2021/02/04 02:20:00,22.30,19.8,-1.89,
58,2021/02/04 02:30:00,22.30,19.8,-1.89,
59,2021/02/04 02:40:00,22.32,19.8,-1.88,
60,2021/02/04 02:50:00,22.32,19.7,-1.94,
61,2021/02/04 03:00:00,22.35,19.7,-1.92,
62,2021/02/04 03:10:00,22.38,19.7,-1.89,
63,2021/02/04 03:20:00,22.38,19.6,-1.96,
64,2021/02/04 03:30:00,22.36,19.6,-1.98,
65,2021/02/04 03:40:00,22.36,19.6,-1.98,
66,2021/02/04 03:50:00,22.38,19.6,-1.96,
67,2021/02/04 04:00:00,22.35,19.6,-1.99,
68,2021/02/04 04:10:00,22.35,19.6,-1.99,
69,2021/02/04 04:20:00,22.36,19.5,-2.05,
70,2021/02/04 04:30:00,22.38,19.6,-1.96,
71,2021/02/04 04:40:00,22.39,19.6,-1.96,
72,2021/02/04 04:50:00,22.36,19.7,-1.91,
73,2021/02/04 05:00:00,22.30,19.6,-2.03,
74,2021/02/04 05:10:00,22.32,19.7,-1.94,
75,2021/02/04 05:20:00,22.30,19.8,-1.89,
76,2021/02/04 05:30:00,22.28,19.8,-1.91,
77,2021/02/04 05:40:00,22.30,19.9,-1.82,
78,2021/02/04 05:50:00,22.36,19.9,-1.77,
79,2021/02/04 06:00:00,22.38,19.9,-1.76,
80,2021/02/04 06:10:00,22.39,19.9,-1.75,
81,2021/02/04 06:20:00,22.41,19.9,-1.73,
82,2021/02/04 06:30:00,22.41,20.0,-1.66,
83,2021/02/04 06:40:00,22.41,20.0,-1.66,
84,2021/02/04 06:50:00,22.38,20.0,-1.69,
85,2021/02/04 07:00:00,22.40,20.0,-1.67,
86,2021/02/04 07:10:00,22.39,20.0,-1.68,
87,2021/02/04 07:20:00,22.41,20.0,-1.66,
88,2021/02/04 07:30:00,22.43,19.9,-1.72,
89,2021/02/04 07:40:00,22.44,20.0,-1.64,
90,2021/02/04 07:50:00,22.46,19.9,-1.69,
91,2021/02/04 08:00:00,22.46,20.0,-1.62,
92,2021/02/04 08:10:00,22.46,19.9,-1.69,
93,2021/02/04 08:20:00,22.46,19.9,-1.69,
94,2021/02/04 08:30:00,22.51,19.9,-1.65,
95,2021/02/04 08:40:00,22.56,19.8,-1.68,
96,2021/02/04 08:50:00,22.63,19.7,-1.69,
97,2021/02/04 09:00:00,22.63,19.7,-1.69,
98,2021/02/04 09:10:00,22.64,19.7,-1.68,
99,2021/02/04 09:20:00,22.63,19.7,-1.69,
100,2021/02/04 09:30:00,22.60,19.6,-1.78,
101,2021/02/04 09:40:00,22.57,19.6,-1.81,
102,2021/02/04 09:50:00,22.49,19.6,-1.87,
103,2021/02/04 10:00:00,22.44,19.6,-1.91,
104,2021/02/04 10:10:00,22.46,19.6,-1.90,
105,2021/02/04 10:20:00,22.43,19.5,-1.99,
106,2021/02/04 10:30:00,22.46,19.5,-1.97,
107,2021/02/04 10:40:00,22.68,19.4,-1.85,
108,2021/02/04 10:50:00,23.02,19.1,-1.79,
109,2021/02/04 11:00:00,23.18,18.9,-1.80,
110,2021/02/04 11:10:00,23.07,18.7,-2.03,
111,2021/02/04 11:20:00,22.95,18.7,-2.13,
112,2021/02/04 11:30:00,22.83,18.7,-2.23,
113,2021/02/04 11:40:00,22.74,18.8,-2.23,
114,2021/02/04 11:50:00,22.63,18.7,-2.39,
115,2021/02/04 12:00:00,22.63,18.7,-2.39,
116,2021/02/04 12:10:00,22.60,18.7,-2.42,
117,2021/02/04 12:20:00,22.54,18.6,-2.54,
118,2021/02/04 12:30:00,22.47,18.6,-2.60,
119,2021/02/04 12:40:00,22.39,18.6,-2.66,
120,2021/02/04 12:50:00,22.35,18.6,-2.70,
121,2021/02/04 13:00:00,22.30,18.6,-2.74,
122,2021/02/04 13:10:00,22.33,18.6,-2.71,
123,2021/02/04 13:20:00,22.32,18.5,-2.79,
124,2021/02/04 13:30:00,22.38,18.5,-2.74,
125,2021/02/04 13:40:00,22.41,18.4,-2.79,
126,2021/02/04 13:50:00,22.44,18.4,-2.77,
127,2021/02/04 14:00:00,22.49,18.2,-2.87,
128,2021/02/04 14:10:00,22.47,18.3,-2.82,
129,2021/02/04 14:20:00,22.50,18.2,-2.87,
130,2021/02/04 14:30:00,22.51,18.1,-2.93,
131,2021/02/04 14:40:00,22.56,18.3,-2.74,
132,2021/02/04 14:50:00,22.54,18.1,-2.91,
133,2021/02/04 15:00:00,22.54,18.1,-2.91,
134,2021/02/04 15:10:00,22.54,18.1,-2.91,
135,2021/02/04 15:20:00,22.56,17.9,-3.04,
136,2021/02/04 15:30:00,22.57,17.9,-3.03,
137,2021/02/04 15:40:00,22.57,17.9,-3.03,
138,2021/02/04 15:50:00,22.57,17.8,-3.11,
139,2021/02/04 16:00:00,22.56,17.8,-3.12,
140,2021/02/04 16:10:00,22.54,17.7,-3.21,
141,2021/02/04 16:20:00,22.54,17.7,-3.21,
142,2021/02/04 16:30:00,22.50,17.7,-3.24,
143,2021/02/04 16:40:00,22.49,17.7,-3.25,
144,2021/02/04 16:50:00,22.50,17.7,-3.24,
145,2021/02/04 17:00:00,22.47,17.7,-3.27,
146,2021/02/04 17:10:00,22.46,17.6,-3.35,
147,2021/02/04 17:20:00,22.44,17.6,-3.37,
148,2021/02/04 17:30:00,22.40,17.5,-3.48,
149,2021/02/04 17:40:00,22.43,17.5,-3.45,
150,2021/02/04 17:50:00,22.43,17.5,-3.45,
151,2021/02/04 18:00:00,22.40,17.4,-3.55,
152,2021/02/04 18:10:00,22.41,17.4,-3.54,
153,2021/02/04 18:20:00,22.47,17.4,-3.49,
154,2021/02/04 18:30:00,22.47,17.4,-3.49,
155,2021/02/04 18:40:00,22.47,17.4,-3.49,
156,2021/02/04 18:50:00,22.47,17.4,-3.49,
157,2021/02/04 19:00:00,22.43,17.4,-3.53,
158,2021/02/04 19:10:00,22.40,17.4,-3.55,
159,2021/02/04 19:20:00,22.40,17.3,-3.63,
160,2021/02/04 19:30:00,22.40,17.3,-3.63,
161,2021/02/04 19:40:00,22.35,17.2,-3.75,
162,2021/02/04 19:50:00,22.33,17.2,-3.76,
163,2021/02/04 20:00:00,22.29,17.2,-3.79,
164,2021/02/04 20:10:00,22.26,17.2,-3.82,
165,2021/02/04 20:20:00,22.30,17.2,-3.79,
166,2021/02/04 20:30:00,22.28,17.3,-3.73,
167,2021/02/04 20:40:00,22.32,17.3,-3.69,
168,2021/02/04 20:50:00,22.32,17.3,-3.69,
169,2021/02/04 21:00:00,22.33,17.3,-3.69,
170,2021/02/04 21:10:00,22.29,17.3,-3.72,
171,2021/02/04 21:20:00,22.30,17.4,-3.63,
172,2021/02/04 21:30:00,22.33,17.4,-3.61,
173,2021/02/04 21:40:00,22.28,17.3,-3.73,
174,2021/02/04 21:50:00,22.25,17.3,-3.75,
175,2021/02/04 22:00:00,22.22,17.4,-3.70,
176,2021/02/04 22:10:00,22.22,17.3,-3.77,
177,2021/02/04 22:20:00,22.21,17.4,-3.71,
178,2021/02/04 22:30:00,22.21,17.4,-3.71,
179,2021/02/04 22:40:00,22.26,17.3,-3.74,
180,2021/02/04 22:50:00,22.28,17.3,-3.73,
181,2021/02/04 23:00:00,22.29,17.3,-3.72,
182,2021/02/04 23:10:00,22.28,17.2,-3.80,
183,2021/02/04 23:20:00,22.23,17.3,-3.77,
184,2021/02/04 23:30:00,22.18,17.3,-3.81,
185,2021/02/04 23:40:00,22.18,17.3,-3.81,
186,2021/02/04 23:50:00,22.18,17.3,-3.81,
187,2021/02/05 00:00:00,22.21,17.3,-3.78,
188,2021/02/05 00:10:00,22.43,17.3,-3.60,
189,2021/02/05 00:20:00,22.73,17.2,-3.44,
190,2021/02/05 00:30:00,22.90,17.0,-3.46,
191,2021/02/05 00:40:00,22.71,16.9,-3.69,
192,2021/02/05 00:50:00,22.44,17.1,-3.75,
193,2021/02/05 01:00:00,22.28,17.2,-3.80,
194,2021/02/05 01:10:00,22.15,17.3,-3.83,
195,2021/02/05 01:20:00,22.22,17.2,-3.85,
196,2021/02/05 01:30:00,22.30,17.2,-3.79,
197,2021/02/05 01:40:00,22.36,17.1,-3.82,
198,2021/02/05 01:50:00,22.44,17.1,-3.75,
199,2021/02/05 02:00:00,22.43,17.0,-3.84,
200,2021/02/05 02:10:00,22.46,17.0,-3.81,
201,2021/02/05 02:20:00,22.40,17.0,-3.86,
202,2021/02/05 02:30:00,22.40,17.1,-3.78,
203,2021/02/05 02:40:00,22.38,17.1,-3.80,
204,2021/02/05 02:50:00,22.39,17.0,-3.87,
205,2021/02/05 03:00:00,22.41,17.0,-3.85,
206,2021/02/05 03:10:00,22.39,16.9,-3.95,
207,2021/02/05 03:20:00,22.39,16.9,-3.95,
208,2021/02/05 03:30:00,22.33,17.0,-3.92,
209,2021/02/05 03:40:00,22.29,17.0,-3.95,
210,2021/02/05 03:50:00,22.32,16.9,-4.01,
211,2021/02/05 04:00:00,22.29,16.9,-4.03,
212,2021/02/05 04:10:00,22.28,16.9,-4.04,
213,2021/02/05 04:20:00,22.26,16.9,-4.05,
214,2021/02/05 04:30:00,22.28,16.9,-4.04,
215,2021/02/05 04:40:00,22.26,16.9,-4.05,
216,2021/02/05 04:50:00,22.22,16.8,-4.17,
217,2021/02/05 05:00:00,22.22,16.8,-4.17,
218,2021/02/05 05:10:00,22.23,16.8,-4.16,
219,2021/02/05 05:20:00,22.26,16.8,-4.13,
220,2021/02/05 05:30:00,22.28,16.7,-4.20,
221,2021/02/05 05:40:00,22.29,16.6,-4.27,
222,2021/02/05 05:50:00,22.29,16.6,-4.27,
223,2021/02/05 06:00:00,22.29,16.6,-4.27,
224,2021/02/05 06:10:00,22.26,16.5,-4.37,
225,2021/02/05 06:20:00,22.26,16.4,-4.45,
226,2021/02/05 06:30:00,22.26,16.4,-4.45,
227,2021/02/05 06:40:00,22.26,16.4,-4.45,
228,2021/02/05 06:50:00,22.32,16.4,-4.41,
229,2021/02/05 07:00:00,22.35,16.3,-4.46,
230,2021/02/05 07:10:00,22.38,16.3,-4.44,
231,2021/02/05 07:20:00,22.40,16.2,-4.50,
232,2021/02/05 07:30:00,22.41,16.1,-4.58,
233,2021/02/05 07:40:00,22.43,16.1,-4.56,
234,2021/02/05 07:50:00,22.33,16.1,-4.64,
235,2021/02/05 08:00:00,22.33,16.0,-4.73,
236,2021/02/05 08:10:00,22.30,16.0,-4.75,
237,2021/02/05 08:20:00,22.29,16.0,-4.76,
238,2021/02/05 08:30:00,22.29,16.0,-4.76,
239,2021/02/05 08:40:00,22.29,16.0,-4.76,
240,2021/02/05 08:50:00,22.28,16.1,-4.68,
241,2021/02/05 09:00:00,22.30,16.1,-4.67,
242,2021/02/05 09:10:00,22.28,16.1,-4.68,
243,2021/02/05 09:20:00,22.30,16.1,-4.67,
244,2021/02/05 09:30:00,22.29,16.2,-4.59,
245,2021/02/05 09:40:00,22.32,16.1,-4.65,
246,2021/02/05 09:50:00,22.30,16.2,-4.58,
247,2021/02/05 10:00:00,22.29,16.2,-4.59,
248,2021/02/05 10:10:00,22.28,16.2,-4.60,
249,2021/02/05 10:20:00,22.28,16.2,-4.60,
250,2021/02/05 10:30:00,22.28,16.3,-4.52,
251,2021/02/05 10:40:00,22.53,16.3,-4.32,
252,2021/02/05 10:50:00,22.95,16.1,-4.14,
253,2021/02/05 11:00:00,23.23,15.9,-4.08,
254,2021/02/05 11:10:00,23.32,15.8,-4.09,
255,2021/02/05 11:20:00,23.22,15.7,-4.26,
256,2021/02/05 11:30:00,23.05,15.8,-4.31,
257,2021/02/05 11:40:00,22.95,15.8,-4.39,
258,2021/02/05 11:50:00,22.84,15.9,-4.40,
259,2021/02/05 12:00:00,22.74,15.9,-4.48,
260,2021/02/05 12:10:00,22.66,16.0,-4.46,
261,2021/02/05 12:20:00,22.56,16.0,-4.54,
262,2021/02/05 12:30:00,22.51,16.1,-4.50,
263,2021/02/05 12:40:00,22.49,16.2,-4.43,
264,2021/02/05 12:50:00,22.41,16.3,-4.41,
265,2021/02/05 13:00:00,22.38,16.4,-4.36,
266,2021/02/05 13:10:00,22.35,16.5,-4.30,
267,2021/02/05 13:20:00,22.33,16.5,-4.32,
268,2021/02/05 13:30:00,22.29,16.6,-4.27,
269,2021/02/05 13:40:00,22.30,16.7,-4.18,
270,2021/02/05 13:50:00,22.30,16.7,-4.18,
271,2021/02/05 14:00:00,22.33,16.8,-4.08,
272,2021/02/05 14:10:00,22.36,16.8,-4.05,
273,2021/02/05 14:20:00,22.33,16.9,-4.00,
274,2021/02/05 14:30:00,22.35,16.9,-3.98,
275,2021/02/05 14:40:00,22.43,16.9,-3.92,
276,2021/02/05 14:50:00,22.43,17.0,-3.84,
277,2021/02/05 15:00:00,22.47,17.0,-3.81,
278,2021/02/05 15:10:00,22.53,17.1,-3.68,
279,2021/02/05 15:20:00,22.56,17.2,-3.58,
280,2021/02/05 15:30:00,22.57,17.3,-3.49,
281,2021/02/05 15:40:00,22.56,17.4,-3.42,
282,2021/02/05 15:50:00,22.59,17.4,-3.40,
283,2021/02/05 16:00:00,22.63,17.5,-3.29,
284,2021/02/05 16:10:00,22.63,17.6,-3.21,
285,2021/02/05 16:20:00,22.61,17.8,-3.08,
286,2021/02/05 16:30:00,22.63,18.1,-2.83,
287,2021/02/05 16:40:00,22.59,18.3,-2.72,
288,2021/02/05 16:50:00,22.56,18.4,-2.67,
289,2021/02/05 17:00:00,22.57,18.7,-2.44,
290,2021/02/05 17:10:00,22.53,18.9,-2.33,
291,2021/02/05 17:20:00,22.50,19.1,-2.21,
292,2021/02/05 17:30:00,22.50,19.3,-2.07,
293,2021/02/05 17:40:00,22.49,19.5,-1.94,
294,2021/02/05 17:50:00,22.49,19.6,-1.87,
295,2021/02/05 18:00:00,22.49,19.8,-1.73,
296,2021/02/05 18:10:00,22.46,20.0,-1.62,
297,2021/02/05 18:20:00,22.43,20.1,-1.58,
298,2021/02/05 18:30:00,22.46,20.3,-1.42,
299,2021/02/05 18:40:00,22.40,20.3,-1.47,
300,2021/02/05 18:50:00,22.36,20.5,-1.37,
301,2021/02/05 19:00:00,22.38,20.7,-1.22,
302,2021/02/05 19:10:00,22.38,20.7,-1.22,
303,2021/02/05 19:20:00,22.36,20.9,-1.10,
304,2021/02/05 19:30:00,22.35,21.1,-0.98,
305,2021/02/05 19:40:00,22.35,21.2,-0.92,
306,2021/02/05 19:50:00,22.38,21.3,-0.83,
307,2021/02/05 20:00:00,22.44,21.5,-0.65,
308,2021/02/05 20:10:00,22.50,21.4,-0.67,
309,2021/02/05 20:20:00,22.57,21.5,-0.54,
310,2021/02/05 20:30:00,22.60,21.5,-0.52,
311,2021/02/05 20:40:00,22.63,21.5,-0.49,
312,2021/02/05 20:50:00,22.64,21.5,-0.48,
313,2021/02/05 21:00:00,22.64,21.4,-0.55,
314,2021/02/05 21:10:00,22.64,21.3,-0.61,
315,2021/02/05 21:20:00,22.59,21.3,-0.65,
316,2021/02/05 21:30:00,22.54,21.1,-0.82,
317,2021/02/05 21:40:00,22.54,21.0,-0.89,
318,2021/02/05 21:50:00,22.54,21.0,-0.89,
319,2021/02/05 22:00:00,22.57,20.9,-0.93,
320,2021/02/05 22:10:00,22.56,20.8,-1.00,
321,2021/02/05 22:20:00,22.57,20.8,-1.00,
322,2021/02/05 22:30:00,22.56,20.7,-1.07,
323,2021/02/05 22:40:00,22.85,20.6,-0.90,
324,2021/02/05 22:50:00,23.08,20.4,-0.84,
325,2021/02/05 23:00:00,23.26,20.2,-0.82,
326,2021/02/05 23:10:00,23.25,20.0,-0.97,
327,2021/02/05 23:20:00,22.98,20.0,-1.19,
328,2021/02/05 23:30:00,22.67,20.1,-1.38,
329,2021/02/05 23:40:00,22.43,20.3,-1.45,
330,2021/02/05 23:50:00,22.30,20.4,-1.49,
331,2021/02/06 00:00:00,22.32,20.3,-1.54,
332,2021/02/06 00:10:00,22.56,20.3,-1.34,
333,2021/02/06 00:20:00,22.98,20.0,-1.19,
334,2021/02/06 00:30:00,23.25,19.8,-1.11,
335,2021/02/06 00:40:00,23.12,19.6,-1.35,
336,2021/02/06 00:50:00,22.80,19.7,-1.55,
337,2021/02/06 01:00:00,22.53,19.9,-1.63,
338,2021/02/06 01:10:00,22.39,20.0,-1.68,
339,2021/02/06 01:20:00,22.32,20.0,-1.74,
340,2021/02/06 01:30:00,22.33,20.0,-1.73,
341,2021/02/06 01:40:00,22.39,20.1,-1.61,
342,2021/02/06 01:50:00,22.40,20.0,-1.67,
343,2021/02/06 02:00:00,22.44,19.9,-1.71,
344,2021/02/06 02:10:00,22.44,19.9,-1.71,
345,2021/02/06 02:20:00,22.47,19.8,-1.75,
346,2021/02/06 02:30:00,22.46,19.7,-1.83,
347,2021/02/06 02:40:00,22.43,19.6,-1.92,
348,2021/02/06 02:50:00,22.36,19.6,-1.98,
349,2021/02/06 03:00:00,22.36,19.6,-1.98,
350,2021/02/06 03:10:00,22.29,19.5,-2.11,
351,2021/02/06 03:20:00,22.26,19.4,-2.20,
352,2021/02/06 03:30:00,22.26,19.4,-2.20,
353,2021/02/06 03:40:00,22.26,19.3,-2.27,
354,2021/02/06 03:50:00,22.28,19.3,-2.25,
355,2021/02/06 04:00:00,22.26,19.2,-2.34,
356,2021/02/06 04:10:00,22.28,19.2,-2.33,
357,2021/02/06 04:20:00,22.28,19.1,-2.40,
358,2021/02/06 04:30:00,22.25,19.0,-2.49,
359,2021/02/06 04:40:00,22.25,18.9,-2.56,
360,2021/02/06 04:50:00,22.29,18.8,-2.60,
361,2021/02/06 05:00:00,22.29,18.8,-2.60,
362,2021/02/06 05:10:00,22.36,18.6,-2.69,
363,2021/02/06 05:20:00,22.39,18.5,-2.74,
364,2021/02/06 05:30:00,22.43,18.4,-2.78,
365,2021/02/06 05:40:00,22.43,18.4,-2.78,
366,2021/02/06 05:50:00,22.44,18.2,-2.92,
367,2021/02/06 06:00:00,22.46,18.2,-2.90,
368,2021/02/06 06:10:00,22.44,18.1,-2.99,
369,2021/02/06 06:20:00,22.41,17.9,-3.16,
370,2021/02/06 06:30:00,22.40,18.0,-3.10,
371,2021/02/06 06:40:00,22.40,17.8,-3.25,
372,2021/02/06 06:50:00,22.39,17.8,-3.25,
373,2021/02/06 07:00:00,22.39,17.7,-3.33,
374,2021/02/06 07:10:00,22.44,17.6,-3.37,
375,2021/02/06 07:20:00,22.46,17.6,-3.35,
376,2021/02/06 07:30:00,22.46,17.5,-3.43,
377,2021/02/06 07:40:00,22.49,17.5,-3.40,
378,2021/02/06 07:50:00,22.50,17.5,-3.39,
379,2021/02/06 08:00:00,22.54,17.4,-3.44,
380,2021/02/06 08:10:00,22.53,17.3,-3.52,
381,2021/02/06 08:20:00,22.49,17.4,-3.48,
382,2021/02/06 08:30:00,22.44,17.3,-3.60,
383,2021/02/06 08:40:00,22.41,17.3,-3.62,
384,2021/02/06 08:50:00,22.40,17.3,-3.63,
385,2021/02/06 09:00:00,22.39,17.3,-3.64,
386,2021/02/06 09:10:00,22.41,17.1,-3.78,
387,2021/02/06 09:20:00,22.40,17.0,-3.86,
388,2021/02/06 09:30:00,22.47,17.0,-3.81,
389,2021/02/06 09:40:00,22.50,16.9,-3.86,
390,2021/02/06 09:50:00,22.56,16.9,-3.81,
391,2021/02/06 10:00:00,22.59,16.7,-3.95,
392,2021/02/06 10:10:00,22.56,16.6,-4.05,
393,2021/02/06 10:20:00,22.56,16.6,-4.05,
394,2021/02/06 10:30:00,22.54,16.5,-4.15,
395,2021/02/06 10:40:00,22.53,16.5,-4.16,
396,2021/02/06 10:50:00,22.51,16.4,-4.25,
397,2021/02/06 11:00:00,22.47,16.4,-4.29,
398,2021/02/06 11:10:00,22.50,16.3,-4.34,
399,2021/02/06 11:20:00,22.54,16.3,-4.31,
400,2021/02/06 11:30:00,22.56,16.3,-4.29,
401,2021/02/06 11:40:00,22.56,16.3,-4.29,
402,2021/02/06 11:50:00,22.54,16.2,-4.39,
403,2021/02/06 12:00:00,22.56,16.3,-4.29,
404,2021/02/06 12:10:00,22.56,16.3,-4.29,
405,2021/02/06 12:20:00,22.56,16.2,-4.38,
406,2021/02/06 12:30:00,22.56,16.1,-4.46,
407,2021/02/06 12:40:00,22.56,16.1,-4.46,
408,2021/02/06 12:50:00,22.57,16.1,-4.45,
409,2021/02/06 13:00:00,22.59,16.0,-4.52,
410,2021/02/06 13:10:00,22.57,16.0,-4.53,
411,2021/02/06 13:20:00,22.61,16.0,-4.50,
412,2021/02/06 13:30:00,22.68,15.9,-4.53,
413,2021/02/06 13:40:00,22.78,15.9,-4.45,
414,2021/02/06 13:50:00,22.83,15.8,-4.49,
415,2021/02/06 14:00:00,22.78,15.8,-4.53,
416,2021/02/06 14:10:00,22.70,15.9,-4.51,
417,2021/02/06 14:20:00,22.64,15.8,-4.64,
418,2021/02/06 14:30:00,22.63,15.9,-4.57,
419,2021/02/06 14:40:00,22.67,15.8,-4.62,
420,2021/02/06 14:50:00,22.73,15.8,-4.57,
421,2021/02/06 15:00:00,22.75,15.8,-4.55,
422,2021/02/06 15:10:00,22.77,15.8,-4.54,
423,2021/02/06 15:20:00,22.78,15.7,-4.61,
424,2021/02/06 15:30:00,22.78,15.7,-4.61,
425,2021/02/06 15:40:00,22.80,15.6,-4.68,
426,2021/02/06 15:50:00,22.75,15.6,-4.72,
427,2021/02/06 16:00:00,22.74,15.5,-4.82,
428,2021/02/06 16:10:00,22.71,15.5,-4.84,
429,2021/02/06 16:20:00,22.67,15.5,-4.87,
430,2021/02/06 16:30:00,22.66,15.5,-4.88,
431,2021/02/06 16:40:00,22.64,15.4,-4.98,
432,2021/02/06 16:50:00,22.70,15.4,-4.93,
433,2021/02/06 17:00:00,22.68,15.3,-5.04,
434,2021/02/06 17:10:00,22.71,15.4,-4.93,
435,2021/02/06 17:20:00,22.70,15.3,-5.02,
436,2021/02/06 17:30:00,22.68,15.3,-5.04,
437,2021/02/06 17:40:00,22.63,15.3,-5.08,
438,2021/02/06 17:50:00,22.56,15.3,-5.13,
439,2021/02/06 18:00:00,22.53,15.2,-5.24,
440,2021/02/06 18:10:00,22.59,15.2,-5.20,
441,2021/02/06 18:20:00,22.61,15.1,-5.27,
442,2021/02/06 18:30:00,22.66,15.1,-5.23,
443,2021/02/06 18:40:00,22.68,15.1,-5.21,
444,2021/02/06 18:50:00,22.74,14.9,-5.34,
445,2021/02/06 19:00:00,22.74,14.9,-5.34,
446,2021/02/06 19:10:00,22.75,14.9,-5.33,
447,2021/02/06 19:20:00,22.74,14.8,-5.43,
448,2021/02/06 19:30:00,22.71,14.8,-5.45,
449,2021/02/06 19:40:00,22.68,14.8,-5.47,
450,2021/02/06 19:50:00,22.66,14.8,-5.49,
451,2021/02/06 20:00:00,22.60,14.7,-5.63,
452,2021/02/06 20:10:00,22.56,14.7,-5.66,
453,2021/02/06 20:20:00,22.56,14.6,-5.75,
454,2021/02/06 20:30:00,22.56,14.6,-5.75,
455,2021/02/06 20:40:00,22.54,14.6,-5.77,
456,2021/02/06 20:50:00,22.57,14.5,-5.83,
457,2021/02/06 21:00:00,22.61,14.6,-5.71,
458,2021/02/06 21:10:00,22.61,14.4,-5.89,
459,2021/02/06 21:20:00,22.60,14.5,-5.81,
460,2021/02/06 21:30:00,22.57,14.4,-5.92,
461,2021/02/06 21:40:00,22.60,14.4,-5.90,
462,2021/02/06 21:50:00,22.56,14.3,-6.02,
463,2021/02/06 22:00:00,22.54,14.3,-6.04,
464,2021/02/06 22:10:00,22.53,14.3,-6.05,
465,2021/02/06 22:20:00,22.49,14.3,-6.08,
466,2021/02/06 22:30:00,22.50,14.2,-6.16,
467,2021/02/06 22:40:00,22.54,14.2,-6.13,
468,2021/02/06 22:50:00,22.56,14.2,-6.12,
469,2021/02/06 23:00:00,22.61,14.2,-6.08,
470,2021/02/06 23:10:00,22.63,14.1,-6.15,
471,2021/02/06 23:20:00,22.64,14.0,-6.24,
472,2021/02/06 23:30:00,22.66,13.9,-6.32,
473,2021/02/06 23:40:00,22.66,13.8,-6.41,
474,2021/02/06 23:50:00,22.66,13.8,-6.41,
475,2021/02/07 00:00:00,22.64,13.7,-6.52,
476,2021/02/07 00:10:00,22.66,13.7,-6.50,
477,2021/02/07 00:20:00,22.63,13.6,-6.62,
478,2021/02/07 00:30:00,22.63,13.6,-6.62,
479,2021/02/07 00:40:00,22.63,13.5,-6.72,
480,2021/02/07 00:50:00,22.57,13.5,-6.77,
481,2021/02/07 01:00:00,22.57,13.4,-6.86,
482,2021/02/07 01:10:00,22.56,13.3,-6.97,
483,2021/02/07 01:20:00,22.61,13.3,-6.93,
484,2021/02/07 01:30:00,22.60,13.2,-7.04,
485,2021/02/07 01:40:00,22.57,13.1,-7.16,
486,2021/02/07 01:50:00,22.60,13.2,-7.04,
487,2021/02/07 02:00:00,22.60,13.2,-7.04,
488,2021/02/07 02:10:00,22.57,13.1,-7.16,
489,2021/02/07 02:20:00,22.53,13.1,-7.19,
490,2021/02/07 02:30:00,22.53,13.0,-7.29,
491,2021/02/07 02:40:00,22.53,13.0,-7.29,
492,2021/02/07 02:50:00,22.54,13.0,-7.28,
493,2021/02/07 03:00:00,22.56,12.9,-7.37,
494,2021/02/07 03:10:00,22.61,13.0,-7.23,
495,2021/02/07 03:20:00,22.59,12.8,-7.44,
496,2021/02/07 03:30:00,22.63,12.8,-7.41,
497,2021/02/07 03:40:00,22.61,12.7,-7.53,
498,2021/02/07 03:50:00,22.61,12.7,-7.53,
499,2021/02/07 04:00:00,22.60,12.7,-7.54,
500,2021/02/07 04:10:00,22.61,12.7,-7.53,
501,2021/02/07 04:20:00,22.57,12.6,-7.66,
502,2021/02/07 04:30:00,22.57,12.7,-7.56,
503,2021/02/07 04:40:00,22.60,12.6,-7.64,
504,2021/02/07 04:50:00,22.67,12.7,-7.48,
505,2021/02/07 05:00:00,22.73,12.6,-7.54,
506,2021/02/07 05:10:00,22.78,12.5,-7.60,
507,2021/02/07 05:20:00,22.71,12.5,-7.66,
508,2021/02/07 05:30:00,22.66,12.5,-7.70,
509,2021/02/07 05:40:00,22.63,12.5,-7.72,
510,2021/02/07 05:50:00,22.59,12.5,-7.75,
511,2021/02/07 06:00:00,22.56,12.5,-7.77,
512,2021/02/07 06:10:00,22.53,12.5,-7.80,
513,2021/02/07 06:20:00,22.51,12.4,-7.92,
514,2021/02/07 06:30:00,22.49,12.3,-8.04,
515,2021/02/07 06:40:00,22.49,12.4,-7.93,
516,2021/02/07 06:50:00,22.50,12.3,-8.03,
517,2021/02/07 07:00:00,22.56,12.2,-8.09,
518,2021/02/07 07:10:00,22.54,12.3,-8.00,
519,2021/02/07 07:20:00,22.56,12.2,-8.09,
520,2021/02/07 07:30:00,22.57,12.2,-8.08,
521,2021/02/07 07:40:00,22.56,12.2,-8.09,
522,2021/02/07 07:50:00,22.54,12.1,-8.21,
523,2021/02/07 08:00:00,22.56,12.1,-8.19,
524,2021/02/07 08:10:00,22.66,12.1,-8.12,
525,2021/02/07 08:20:00,22.74,12.0,-8.16,
526,2021/02/07 08:30:00,22.73,12.0,-8.17,
527,2021/02/07 08:40:00,22.73,11.9,-8.28,
528,2021/02/07 08:50:00,22.66,12.0,-8.22,
529,2021/02/07 09:00:00,22.67,11.9,-8.32,
530,2021/02/07 09:10:00,22.64,12.0,-8.24,
531,2021/02/07 09:20:00,22.61,12.0,-8.26,
532,2021/02/07 09:30:00,22.57,12.1,-8.19,
533,2021/02/07 09:40:00,22.60,12.1,-8.16,
534,2021/02/07 09:50:00,22.57,12.1,-8.19,
535,2021/02/07 10:00:00,22.57,12.1,-8.19,
536,2021/02/07 10:10:00,22.57,12.1,-8.19,
537,2021/02/07 10:20:00,22.57,12.1,-8.19,
538,2021/02/07 10:30:00,22.59,12.2,-8.06,
539,2021/02/07 10:40:00,22.61,12.2,-8.05,
540,2021/02/07 10:50:00,22.60,12.2,-8.06,
541,2021/02/07 11:00:00,22.60,12.2,-8.06,
542,2021/02/07 11:10:00,22.60,12.2,-8.06,
543,2021/02/07 11:20:00,22.60,12.2,-8.06,
544,2021/02/07 11:30:00,22.59,12.2,-8.06,
545,2021/02/07 11:40:00,22.56,12.2,-8.09,
546,2021/02/07 11:50:00,22.57,12.2,-8.08,
547,2021/02/07 12:00:00,22.59,12.3,-7.96,
548,2021/02/07 12:10:00,22.59,12.3,-7.96,
549,2021/02/07 12:20:00,22.57,12.3,-7.97,
550,2021/02/07 12:30:00,22.61,12.3,-7.94,
551,2021/02/07 12:40:00,22.59,12.3,-7.96,
552,2021/02/07 12:50:00,22.59,12.3,-7.96,
553,2021/02/07 13:00:00,22.59,12.3,-7.96,
554,2021/02/07 13:10:00,22.59,12.3,-7.96,
555,2021/02/07 13:20:00,22.59,12.4,-7.85,
556,2021/02/07 13:30:00,22.60,12.3,-7.95,
557,2021/02/07 13:40:00,22.60,12.4,-7.85,
558,2021/02/07 13:50:00,22.60,12.4,-7.85,
559,2021/02/07 14:00:00,22.61,12.4,-7.84,
560,2021/02/07 14:10:00,22.60,12.4,-7.85,
561,2021/02/07 14:20:00,22.59,12.4,-7.85,
562,2021/02/07 14:30:00,22.60,12.4,-7.85,
563,2021/02/07 14:40:00,22.54,12.4,-7.89,
564,2021/02/07 14:50:00,22.54,12.4,-7.89,
565,2021/02/07 15:00:00,22.53,12.4,-7.90,
566,2021/02/07 15:10:00,22.56,12.4,-7.88,
567,2021/02/07 15:20:00,22.63,12.4,-7.82,
568,2021/02/07 15:30:00,22.64,12.4,-7.82,
569,2021/02/07 15:40:00,22.67,12.4,-7.79,
570,2021/02/07 15:50:00,22.71,12.4,-7.76,
571,2021/02/07 16:00:00,22.67,12.4,-7.79,
572,2021/02/07 16:10:00,22.61,12.5,-7.74,
573,2021/02/07 16:20:00,22.56,12.5,-7.77,
574,2021/02/07 16:30:00,22.54,12.5,-7.79,
575,2021/02/07 16:40:00,22.54,12.6,-7.69,
576,2021/02/07 16:50:00,22.54,12.6,-7.69,
577,2021/02/07 17:00:00,22.54,12.6,-7.69,
578,2021/02/07 17:10:00,22.60,12.7,-7.54,
579,2021/02/07 17:20:00,22.63,12.6,-7.62,
580,2021/02/07 17:30:00,22.68,12.6,-7.58,
581,2021/02/07 17:40:00,22.67,12.7,-7.48,
582,2021/02/07 17:50:00,22.71,12.7,-7.45,
583,2021/02/07 18:00:00,22.68,12.8,-7.37,
584,2021/02/07 18:10:00,22.64,12.8,-7.40,
585,2021/02/07 18:20:00,22.64,12.8,-7.40,
586,2021/02/07 18:30:00,22.64,12.9,-7.30,
587,2021/02/07 18:40:00,22.61,12.9,-7.33,
588,2021/02/07 18:50:00,22.63,12.9,-7.31,
589,2021/02/07 19:00:00,22.63,12.9,-7.31,
590,2021/02/07 19:10:00,22.63,13.0,-7.21,
591,2021/02/07 19:20:00,22.63,13.0,-7.21,
592,2021/02/07 19:30:00,22.66,13.0,-7.19,
593,2021/02/07 19:40:00,22.60,13.1,-7.13,
594,2021/02/07 19:50:00,22.60,13.2,-7.04,
595,2021/02/07 20:00:00,22.59,13.2,-7.04,
596,2021/02/07 20:10:00,22.59,13.3,-6.95,
597,2021/02/07 20:20:00,22.59,13.4,-6.85,
598,2021/02/07 20:30:00,22.60,13.5,-6.74,
599,2021/02/07 20:40:00,22.59,13.6,-6.66,
600,2021/02/07 20:50:00,22.56,13.6,-6.68,
601,2021/02/07 21:00:00,22.51,13.5,-6.82,
602,2021/02/07 21:10:00,22.43,13.6,-6.78,
603,2021/02/07 21:20:00,22.38,13.7,-6.73,
604,2021/02/07 21:30:00,22.35,13.7,-6.75,
605,2021/02/07 21:40:00,22.39,13.7,-6.72,
606,2021/02/07 21:50:00,22.43,13.8,-6.59,
607,2021/02/07 22:00:00,22.50,13.8,-6.54,
608,2021/02/07 22:10:00,22.61,13.8,-6.45,
609,2021/02/07 22:20:00,22.63,13.9,-6.34,
610,2021/02/07 22:30:00,22.63,13.9,-6.34,
611,2021/02/07 22:40:00,22.66,14.0,-6.22,
612,2021/02/07 22:50:00,22.67,14.0,-6.21,
613,2021/02/07 23:00:00,22.64,14.1,-6.14,
614,2021/02/07 23:10:00,22.61,14.1,-6.17,
615,2021/02/07 23:20:00,22.59,14.3,-6.00,
616,2021/02/07 23:30:00,22.54,14.3,-6.04,
617,2021/02/07 23:40:00,22.53,14.3,-6.05,
618,2021/02/07 23:50:00,22.50,14.4,-5.98,
619,2021/02/08 00:00:00,22.53,14.3,-6.05,
620,2021/02/08 00:10:00,22.49,14.4,-5.99,
621,2021/02/08 00:20:00,22.50,14.5,-5.89,
622,2021/02/08 00:30:00,22.44,14.5,-5.94,
623,2021/02/08 00:40:00,22.40,14.6,-5.88,
624,2021/02/08 00:50:00,22.39,14.5,-5.98,
625,2021/02/08 01:00:00,22.36,14.6,-5.91,
626,2021/02/08 01:10:00,22.33,14.6,-5.93,
627,2021/02/08 01:20:00,22.36,14.6,-5.91,
628,2021/02/08 01:30:00,22.38,14.6,-5.89,
629,2021/02/08 01:40:00,22.44,14.6,-5.85,
630,2021/02/08 01:50:00,22.50,14.4,-5.98,
631,2021/02/08 02:00:00,22.51,14.4,-5.97,
632,2021/02/08 02:10:00,22.51,14.4,-5.97,
633,2021/02/08 02:20:00,22.49,14.4,-5.99,
634,2021/02/08 02:30:00,22.50,14.4,-5.98,
635,2021/02/08 02:40:00,22.44,14.4,-6.03,
636,2021/02/08 02:50:00,22.38,14.5,-5.98,
637,2021/02/08 03:00:00,22.39,14.4,-6.07,
638,2021/02/08 03:10:00,22.40,14.5,-5.97,
639,2021/02/08 03:20:00,22.44,14.5,-5.94,
640,2021/02/08 03:30:00,22.47,14.5,-5.91,
641,2021/02/08 03:40:00,22.46,14.5,-5.92,
642,2021/02/08 03:50:00,22.44,14.4,-6.03,
643,2021/02/08 04:00:00,22.46,14.3,-6.10,
644,2021/02/08 04:10:00,22.50,14.2,-6.16,
645,2021/02/08 04:20:00,22.53,14.1,-6.23,
646,2021/02/08 04:30:00,22.57,13.9,-6.39,
647,2021/02/08 04:40:00,22.60,13.8,-6.46,
648,2021/02/08 04:50:00,22.63,13.7,-6.53,
649,2021/02/08 05:00:00,22.61,13.7,-6.54,
650,2021/02/08 05:10:00,22.63,13.5,-6.72,
651,2021/02/08 05:20:00,22.59,13.3,-6.95,
652,2021/02/08 05:30:00,22.54,13.2,-7.08,
653,2021/02/08 05:40:00,22.50,13.2,-7.12,
654,2021/02/08 05:50:00,22.46,13.2,-7.15,
655,2021/02/08 06:00:00,22.43,13.0,-7.37,
656,2021/02/08 06:10:00,22.43,13.0,-7.37,
657,2021/02/08 06:20:00,22.46,12.9,-7.45,
658,2021/02/08 06:30:00,22.46,12.9,-7.45,
659,2021/02/08 06:40:00,22.50,12.8,-7.51,
660,2021/02/08 06:50:00,22.56,12.6,-7.67,
661,2021/02/08 07:00:00,22.59,12.5,-7.75,
662,2021/02/08 07:10:00,22.60,12.4,-7.85,
663,2021/02/08 07:20:00,22.61,12.4,-7.84,
664,2021/02/08 07:30:00,22.60,12.2,-8.06,
665,2021/02/08 07:40:00,22.57,12.2,-8.08,
666,2021/02/08 07:50:00,22.51,12.1,-8.23,
667,2021/02/08 08:00:00,22.51,12.1,-8.23,
668,2021/02/08 08:10:00,22.51,12.0,-8.34,
669,2021/02/08 08:20:00,22.49,11.9,-8.46,
670,2021/02/08 08:30:00,22.50,11.9,-8.46,
671,2021/02/08 08:40:00,22.53,11.8,-8.54,
672,2021/02/08 08:50:00,22.59,11.8,-8.49,
673,2021/02/08 09:00:00,22.64,11.6,-8.67,
674,2021/02/08 09:10:00,22.63,11.6,-8.68,
675,2021/02/08 09:20:00,22.61,11.3,-9.03,
676,2021/02/08 09:30:00,22.59,11.4,-8.94,
677,2021/02/08 09:40:00,22.54,11.3,-9.09,
678,2021/02/08 09:50:00,22.59,11.2,-9.16,
679,2021/02/08 10:00:00,22.54,11.1,-9.31,
680,2021/02/08 10:10:00,22.51,11.1,-9.34,
681,2021/02/08 10:20:00,22.54,11.0,-9.43,
682,2021/02/08 10:30:00,22.54,11.1,-9.31,
683,2021/02/08 10:40:00,22.66,10.9,-9.45,
684,2021/02/08 10:50:00,22.83,10.8,-9.44,
685,2021/02/08 11:00:00,22.92,10.7,-9.49,
686,2021/02/08 11:10:00,23.00,10.5,-9.67,
687,2021/02/08 11:20:00,23.00,10.5,-9.67,
688,2021/02/08 11:30:00,22.96,10.4,-9.82,
689,2021/02/08 11:40:00,22.87,10.3,-10.01,
690,2021/02/08 11:50:00,22.81,10.4,-9.93,
691,2021/02/08 12:00:00,22.77,10.3,-10.09,
692,2021/02/08 12:10:00,22.74,10.2,-10.23,
693,2021/02/08 12:20:00,22.71,10.1,-10.38,
694,2021/02/08 12:30:00,22.70,10.1,-10.39,
695,2021/02/08 12:40:00,22.66,10.2,-10.30,
696,2021/02/08 12:50:00,22.61,10.1,-10.46,
697,2021/02/08 13:00:00,22.57,10.2,-10.37,
698,2021/02/08 13:10:00,22.59,10.2,-10.35,
699,2021/02/08 13:20:00,22.59,10.2,-10.35,
700,2021/02/08 13:30:00,22.63,10.2,-10.32,
701,2021/02/08 13:40:00,22.60,10.2,-10.34,
702,2021/02/08 13:50:00,22.63,10.1,-10.44,
703,2021/02/08 14:00:00,22.63,10.1,-10.44,
704,2021/02/08 14:10:00,22.64,10.0,-10.56,
705,2021/02/08 14:20:00,22.63,10.1,-10.44,
706,2021/02/08 14:30:00,22.66,10.1,-10.42,
707,2021/02/08 14:40:00,22.68,10.1,-10.40,
708,2021/02/08 14:50:00,22.71,10.0,-10.51,
709,2021/02/08 15:00:00,22.71,9.9,-10.63,
710,2021/02/08 15:10:00,22.70,10.0,-10.52,
711,2021/02/08 15:20:00,22.71,9.9,-10.63,
712,2021/02/08 15:30:00,22.71,9.8,-10.76,
713,2021/02/08 15:40:00,22.71,9.8,-10.76,
714,2021/02/08 15:50:00,22.74,9.9,-10.61,
715,2021/02/08 16:00:00,22.95,10.6,-9.59,
716,2021/02/08 16:10:00,23.12,9.7,-10.58,
717,2021/02/08 16:20:00,22.92,9.7,-10.73,
718,2021/02/08 16:30:00,22.83,9.8,-10.67,
719,2021/02/08 16:40:00,22.75,9.7,-10.86,
